feature,w_std,w_orig
age,0.15391173153107401,0.016797531787755178
sex,0.29129619866172435,0.29129619866172435
trestbps,0.32952825366784366,0.01882031540433725
chol,0.3178233659889038,0.006142089834169564
hdl,-0.3529155653753276,-0.012271126429292704
fbs,0.3753925144249314,0.3753925144249314
__bias__,-0.08544457963940501,-4.271898301578918
