{
  "created_at": "2025-09-01T00:55:28.368851Z",
  "library": "mlxtend",
  "estimator": "Adaline",
  "features": [
    "age",
    "sex",
    "trestbps",
    "chol",
    "hdl",
    "fbs"
  ],
  "hyperparams": {
    "eta": 0.02,
    "epochs": 50,
    "minibatches": 5,
    "random_seed": 1
  },
  "metrics": {
    "accuracy": 0.834983498349835,
    "confusion_matrix": {
      "tn": 100,
      "fp": 24,
      "fn": 26,
      "tp": 153
    }
  },
  "standardization": {
    "standardized_columns": [
      "age",
      "trestbps",
      "chol",
      "hdl"
    ],
    "means": {
      "age": 54.277227722772274,
      "trestbps": 131.62376237623764,
      "chol": 246.26402640264027,
      "hdl": 58.27062706270627
    },
    "stds": {
      "age": 9.16275875978817,
      "trestbps": 17.50917806573539,
      "chol": 51.74515101045813,
      "hdl": 28.75983451143281
    }
  },
  "scale_standardized": {
    "weights": {
      "age": 0.15391173153107401,
      "sex": 0.29129619866172435,
      "trestbps": 0.32952825366784366,
      "chol": 0.3178233659889038,
      "hdl": -0.3529155653753276,
      "fbs": 0.3753925144249314
    },
    "bias": -0.08544457963940501
  },
  "scale_original": {
    "weights": {
      "age": 0.016797531787755178,
      "sex": 0.29129619866172435,
      "trestbps": 0.01882031540433725,
      "chol": 0.006142089834169564,
      "hdl": -0.012271126429292704,
      "fbs": 0.3753925144249314
    },
    "bias": -4.271898301578918
  }
}